"split_id","peak_estimate"
"s00001_A",0.12
"s00001_B",0.115
"s00002_A",0.115
"s00002_B",0.115
"s00003_A",0.12
"s00003_B",0.115
"s00004_A",0.12
"s00004_B",0.11
"s00005_A",0.12
"s00005_B",0.115
"s00006_A",0.115
"s00006_B",0.12
"s00007_A",0.115
"s00007_B",0.12
"s00008_A",0.12
"s00008_B",0.115
"s00009_A",0.115
"s00009_B",0.12
"s00010_A",0.115
"s00010_B",0.12
"s00011_A",0.115
"s00011_B",0.115
"s00012_A",0.12
"s00012_B",0.115
"s00013_A",0.115
"s00013_B",0.115
"s00014_A",0.115
"s00014_B",0.12
"s00015_A",0.115
"s00015_B",0.12
"s00016_A",0.125
"s00016_B",0.11
"s00017_A",0.12
"s00017_B",0.115
"s00018_A",0.115
"s00018_B",0.12
"s00019_A",0.115
"s00019_B",0.115
"s00020_A",0.12
"s00020_B",0.115
"s00021_A",0.115
"s00021_B",0.12
"s00022_A",0.12
"s00022_B",0.115
"s00023_A",0.115
"s00023_B",0.12
"s00024_A",0.115
"s00024_B",0.12
"s00025_A",0.115
"s00025_B",0.115
"s00026_A",0.115
"s00026_B",0.115
"s00027_A",0.12
"s00027_B",0.115
"s00028_A",0.12
"s00028_B",0.115
"s00029_A",0.12
"s00029_B",0.115
"s00030_A",0.115
"s00030_B",0.12
"s00031_A",0.115
"s00031_B",0.12
"s00032_A",0.115
"s00032_B",0.12
"s00033_A",0.125
"s00033_B",0.11
"s00034_A",0.12
"s00034_B",0.115
"s00035_A",0.115
"s00035_B",0.12
"s00036_A",0.12
"s00036_B",0.115
"s00037_A",0.115
"s00037_B",0.115
"s00038_A",0.115
"s00038_B",0.12
"s00039_A",0.12
"s00039_B",0.115
"s00040_A",0.12
"s00040_B",0.115
"s00041_A",0.115
"s00041_B",0.12
"s00042_A",0.115
"s00042_B",0.12
"s00043_A",0.115
"s00043_B",0.115
"s00044_A",0.115
"s00044_B",0.115
"s00045_A",0.115
"s00045_B",0.115
"s00046_A",0.115
"s00046_B",0.115
"s00047_A",0.12
"s00047_B",0.115
"s00048_A",0.115
"s00048_B",0.115
"s00049_A",0.12
"s00049_B",0.115
"s00050_A",0.115
"s00050_B",0.12
"s00051_A",0.12
"s00051_B",0.11
"s00052_A",0.11
"s00052_B",0.12
"s00053_A",0.12
"s00053_B",0.115
"s00054_A",0.12
"s00054_B",0.115
"s00055_A",0.115
"s00055_B",0.12
"s00056_A",0.115
"s00056_B",0.115
"s00057_A",0.12
"s00057_B",0.115
"s00058_A",0.115
"s00058_B",0.12
"s00059_A",0.12
"s00059_B",0.115
"s00060_A",0.12
"s00060_B",0.115
"s00061_A",0.12
"s00061_B",0.115
"s00062_A",0.115
"s00062_B",0.12
"s00063_A",0.115
"s00063_B",0.12
"s00064_A",0.115
"s00064_B",0.12
"s00065_A",0.115
"s00065_B",0.115
"s00066_A",0.12
"s00066_B",0.115
"s00067_A",0.12
"s00067_B",0.115
"s00068_A",0.115
"s00068_B",0.12
"s00069_A",0.12
"s00069_B",0.115
"s00070_A",0.12
"s00070_B",0.115
"s00071_A",0.12
"s00071_B",0.115
"s00072_A",0.12
"s00072_B",0.11
"s00073_A",0.12
"s00073_B",0.115
"s00074_A",0.12
"s00074_B",0.115
"s00075_A",0.115
"s00075_B",0.12
"s00076_A",0.12
"s00076_B",0.115
"s00077_A",0.115
"s00077_B",0.115
"s00078_A",0.12
"s00078_B",0.115
"s00079_A",0.12
"s00079_B",0.115
"s00080_A",0.115
"s00080_B",0.115
"s00081_A",0.12
"s00081_B",0.115
"s00082_A",0.12
"s00082_B",0.115
"s00083_A",0.11
"s00083_B",0.12
"s00084_A",0.115
"s00084_B",0.12
"s00085_A",0.115
"s00085_B",0.12
"s00086_A",0.12
"s00086_B",0.115
"s00087_A",0.12
"s00087_B",0.115
"s00088_A",0.12
"s00088_B",0.115
"s00089_A",0.12
"s00089_B",0.115
"s00090_A",0.115
"s00090_B",0.115
"s00091_A",0.115
"s00091_B",0.115
"s00092_A",0.115
"s00092_B",0.115
"s00093_A",0.12
"s00093_B",0.115
"s00094_A",0.115
"s00094_B",0.12
"s00095_A",0.115
"s00095_B",0.115
"s00096_A",0.12
"s00096_B",0.115
"s00097_A",0.115
"s00097_B",0.115
"s00098_A",0.115
"s00098_B",0.12
"s00099_A",0.12
"s00099_B",0.115
"s00100_A",0.115
"s00100_B",0.125
"s00101_A",0.115
"s00101_B",0.115
"s00102_A",0.115
"s00102_B",0.12
"s00103_A",0.12
"s00103_B",0.115
"s00104_A",0.115
"s00104_B",0.12
"s00105_A",0.12
"s00105_B",0.115
"s00106_A",0.115
"s00106_B",0.115
"s00107_A",0.12
"s00107_B",0.115
"s00108_A",0.12
"s00108_B",0.115
"s00109_A",0.115
"s00109_B",0.12
"s00110_A",0.12
"s00110_B",0.115
"s00111_A",0.115
"s00111_B",0.115
"s00112_A",0.115
"s00112_B",0.12
"s00113_A",0.115
"s00113_B",0.12
"s00114_A",0.115
"s00114_B",0.12
"s00115_A",0.115
"s00115_B",0.115
"s00116_A",0.115
"s00116_B",0.115
"s00117_A",0.115
"s00117_B",0.115
"s00118_A",0.115
"s00118_B",0.115
"s00119_A",0.115
"s00119_B",0.12
"s00120_A",0.115
"s00120_B",0.12
"s00121_A",0.115
"s00121_B",0.115
"s00122_A",0.115
"s00122_B",0.12
"s00123_A",0.115
"s00123_B",0.12
"s00124_A",0.115
"s00124_B",0.115
"s00125_A",0.115
"s00125_B",0.12
"s00126_A",0.12
"s00126_B",0.115
"s00127_A",0.125
"s00127_B",0.11
"s00128_A",0.12
"s00128_B",0.115
"s00129_A",0.12
"s00129_B",0.115
"s00130_A",0.12
"s00130_B",0.115
"s00131_A",0.12
"s00131_B",0.115
"s00132_A",0.115
"s00132_B",0.12
"s00133_A",0.115
"s00133_B",0.12
"s00134_A",0.115
"s00134_B",0.12
"s00135_A",0.12
"s00135_B",0.115
"s00136_A",0.115
"s00136_B",0.125
"s00137_A",0.115
"s00137_B",0.12
"s00138_A",0.12
"s00138_B",0.11
"s00139_A",0.115
"s00139_B",0.115
"s00140_A",0.115
"s00140_B",0.12
"s00141_A",0.115
"s00141_B",0.12
"s00142_A",0.12
"s00142_B",0.115
"s00143_A",0.11
"s00143_B",0.12
"s00144_A",0.12
"s00144_B",0.115
"s00145_A",0.115
"s00145_B",0.115
"s00146_A",0.115
"s00146_B",0.115
"s00147_A",0.12
"s00147_B",0.115
"s00148_A",0.12
"s00148_B",0.115
"s00149_A",0.12
"s00149_B",0.115
"s00150_A",0.115
"s00150_B",0.11
"s00151_A",0.115
"s00151_B",0.115
"s00152_A",0.115
"s00152_B",0.12
"s00153_A",0.12
"s00153_B",0.115
"s00154_A",0.115
"s00154_B",0.12
"s00155_A",0.12
"s00155_B",0.11
"s00156_A",0.11
"s00156_B",0.12
"s00157_A",0.115
"s00157_B",0.12
"s00158_A",0.115
"s00158_B",0.12
"s00159_A",0.115
"s00159_B",0.12
"s00160_A",0.115
"s00160_B",0.12
"s00161_A",0.115
"s00161_B",0.12
"s00162_A",0.12
"s00162_B",0.115
"s00163_A",0.12
"s00163_B",0.115
"s00164_A",0.12
"s00164_B",0.11
"s00165_A",0.12
"s00165_B",0.115
"s00166_A",0.115
"s00166_B",0.12
"s00167_A",0.11
"s00167_B",0.12
"s00168_A",0.115
"s00168_B",0.115
"s00169_A",0.115
"s00169_B",0.115
"s00170_A",0.115
"s00170_B",0.115
"s00171_A",0.115
"s00171_B",0.115
"s00172_A",0.115
"s00172_B",0.115
"s00173_A",0.12
"s00173_B",0.11
"s00174_A",0.115
"s00174_B",0.12
"s00175_A",0.115
"s00175_B",0.115
"s00176_A",0.12
"s00176_B",0.115
"s00177_A",0.12
"s00177_B",0.115
"s00178_A",0.12
"s00178_B",0.115
"s00179_A",0.12
"s00179_B",0.115
"s00180_A",0.115
"s00180_B",0.115
"s00181_A",0.12
"s00181_B",0.115
"s00182_A",0.115
"s00182_B",0.12
"s00183_A",0.115
"s00183_B",0.12
"s00184_A",0.12
"s00184_B",0.115
"s00185_A",0.115
"s00185_B",0.12
"s00186_A",0.115
"s00186_B",0.12
"s00187_A",0.115
"s00187_B",0.12
"s00188_A",0.115
"s00188_B",0.115
"s00189_A",0.115
"s00189_B",0.12
"s00190_A",0.115
"s00190_B",0.12
"s00191_A",0.115
"s00191_B",0.115
"s00192_A",0.115
"s00192_B",0.12
"s00193_A",0.115
"s00193_B",0.12
"s00194_A",0.115
"s00194_B",0.115
"s00195_A",0.115
"s00195_B",0.12
"s00196_A",0.115
"s00196_B",0.12
"s00197_A",0.115
"s00197_B",0.115
"s00198_A",0.115
"s00198_B",0.12
"s00199_A",0.115
"s00199_B",0.12
"s00200_A",0.115
"s00200_B",0.12
"s00201_A",0.115
"s00201_B",0.115
"s00202_A",0.12
"s00202_B",0.115
"s00203_A",0.115
"s00203_B",0.12
"s00204_A",0.115
"s00204_B",0.12
"s00205_A",0.115
"s00205_B",0.12
"s00206_A",0.115
"s00206_B",0.115
"s00207_A",0.12
"s00207_B",0.115
"s00208_A",0.115
"s00208_B",0.12
"s00209_A",0.115
"s00209_B",0.115
"s00210_A",0.125
"s00210_B",0.115
"s00211_A",0.12
"s00211_B",0.115
"s00212_A",0.115
"s00212_B",0.115
"s00213_A",0.11
"s00213_B",0.12
"s00214_A",0.115
"s00214_B",0.115
"s00215_A",0.12
"s00215_B",0.115
"s00216_A",0.115
"s00216_B",0.115
"s00217_A",0.12
"s00217_B",0.115
"s00218_A",0.115
"s00218_B",0.12
"s00219_A",0.115
"s00219_B",0.12
"s00220_A",0.115
"s00220_B",0.115
"s00221_A",0.115
"s00221_B",0.12
"s00222_A",0.115
"s00222_B",0.12
"s00223_A",0.12
"s00223_B",0.115
"s00224_A",0.115
"s00224_B",0.11
"s00225_A",0.12
"s00225_B",0.115
"s00226_A",0.12
"s00226_B",0.115
"s00227_A",0.115
"s00227_B",0.115
"s00228_A",0.115
"s00228_B",0.12
"s00229_A",0.12
"s00229_B",0.115
"s00230_A",0.12
"s00230_B",0.115
"s00231_A",0.12
"s00231_B",0.12
"s00232_A",0.115
"s00232_B",0.115
"s00233_A",0.115
"s00233_B",0.12
"s00234_A",0.115
"s00234_B",0.115
"s00235_A",0.115
"s00235_B",0.12
"s00236_A",0.12
"s00236_B",0.115
"s00237_A",0.115
"s00237_B",0.12
"s00238_A",0.115
"s00238_B",0.12
"s00239_A",0.115
"s00239_B",0.115
"s00240_A",0.115
"s00240_B",0.12
"s00241_A",0.115
"s00241_B",0.12
"s00242_A",0.115
"s00242_B",0.12
"s00243_A",0.115
"s00243_B",0.125
"s00244_A",0.115
"s00244_B",0.115
"s00245_A",0.125
"s00245_B",0.115
"s00246_A",0.115
"s00246_B",0.12
"s00247_A",0.115
"s00247_B",0.12
"s00248_A",0.115
"s00248_B",0.115
"s00249_A",0.12
"s00249_B",0.115
"s00250_A",0.115
"s00250_B",0.115
"s00251_A",0.115
"s00251_B",0.115
"s00252_A",0.115
"s00252_B",0.12
"s00253_A",0.115
"s00253_B",0.12
"s00254_A",0.115
"s00254_B",0.12
"s00255_A",0.115
"s00255_B",0.115
"s00256_A",0.11
"s00256_B",0.12
"s00257_A",0.115
"s00257_B",0.12
"s00258_A",0.12
"s00258_B",0.115
"s00259_A",0.125
"s00259_B",0.115
"s00260_A",0.115
"s00260_B",0.12
"s00261_A",0.12
"s00261_B",0.12
"s00262_A",0.12
"s00262_B",0.115
"s00263_A",0.115
"s00263_B",0.12
"s00264_A",0.115
"s00264_B",0.115
"s00265_A",0.115
"s00265_B",0.12
"s00266_A",0.12
"s00266_B",0.115
"s00267_A",0.115
"s00267_B",0.115
"s00268_A",0.12
"s00268_B",0.11
"s00269_A",0.115
"s00269_B",0.12
"s00270_A",0.115
"s00270_B",0.12
"s00271_A",0.115
"s00271_B",0.12
"s00272_A",0.115
"s00272_B",0.12
"s00273_A",0.12
"s00273_B",0.115
"s00274_A",0.115
"s00274_B",0.12
"s00275_A",0.12
"s00275_B",0.115
"s00276_A",0.115
"s00276_B",0.11
"s00277_A",0.12
"s00277_B",0.115
"s00278_A",0.12
"s00278_B",0.115
"s00279_A",0.115
"s00279_B",0.12
"s00280_A",0.115
"s00280_B",0.115
"s00281_A",0.12
"s00281_B",0.115
"s00282_A",0.115
"s00282_B",0.115
"s00283_A",0.11
"s00283_B",0.12
"s00284_A",0.11
"s00284_B",0.12
"s00285_A",0.115
"s00285_B",0.12
"s00286_A",0.12
"s00286_B",0.115
"s00287_A",0.12
"s00287_B",0.115
"s00288_A",0.115
"s00288_B",0.12
"s00289_A",0.11
"s00289_B",0.12
"s00290_A",0.11
"s00290_B",0.12
"s00291_A",0.115
"s00291_B",0.12
"s00292_A",0.12
"s00292_B",0.115
"s00293_A",0.115
"s00293_B",0.115
"s00294_A",0.115
"s00294_B",0.12
"s00295_A",0.115
"s00295_B",0.12
"s00296_A",0.115
"s00296_B",0.115
"s00297_A",0.12
"s00297_B",0.11
"s00298_A",0.115
"s00298_B",0.115
"s00299_A",0.115
"s00299_B",0.125
"s00300_A",0.115
"s00300_B",0.12
"s00301_A",0.12
"s00301_B",0.12
"s00302_A",0.115
"s00302_B",0.12
"s00303_A",0.115
"s00303_B",0.12
"s00304_A",0.115
"s00304_B",0.12
"s00305_A",0.12
"s00305_B",0.115
"s00306_A",0.115
"s00306_B",0.115
"s00307_A",0.12
"s00307_B",0.115
"s00308_A",0.115
"s00308_B",0.12
"s00309_A",0.12
"s00309_B",0.115
"s00310_A",0.12
"s00310_B",0.115
"s00311_A",0.115
"s00311_B",0.12
"s00312_A",0.115
"s00312_B",0.12
"s00313_A",0.12
"s00313_B",0.115
"s00314_A",0.12
"s00314_B",0.115
"s00315_A",0.12
"s00315_B",0.115
"s00316_A",0.12
"s00316_B",0.12
"s00317_A",0.12
"s00317_B",0.115
"s00318_A",0.115
"s00318_B",0.12
"s00319_A",0.11
"s00319_B",0.115
"s00320_A",0.115
"s00320_B",0.115
"s00321_A",0.115
"s00321_B",0.12
"s00322_A",0.115
"s00322_B",0.12
"s00323_A",0.115
"s00323_B",0.115
"s00324_A",0.125
"s00324_B",0.115
"s00325_A",0.12
"s00325_B",0.115
"s00326_A",0.12
"s00326_B",0.115
"s00327_A",0.115
"s00327_B",0.12
"s00328_A",0.11
"s00328_B",0.12
"s00329_A",0.12
"s00329_B",0.12
"s00330_A",0.115
"s00330_B",0.115
"s00331_A",0.115
"s00331_B",0.12
"s00332_A",0.115
"s00332_B",0.115
"s00333_A",0.115
"s00333_B",0.115
"s00334_A",0.115
"s00334_B",0.115
"s00335_A",0.115
"s00335_B",0.115
"s00336_A",0.115
"s00336_B",0.115
"s00337_A",0.12
"s00337_B",0.12
"s00338_A",0.115
"s00338_B",0.115
"s00339_A",0.115
"s00339_B",0.12
"s00340_A",0.115
"s00340_B",0.12
"s00341_A",0.115
"s00341_B",0.12
"s00342_A",0.115
"s00342_B",0.12
"s00343_A",0.115
"s00343_B",0.12
"s00344_A",0.11
"s00344_B",0.12
"s00345_A",0.115
"s00345_B",0.12
"s00346_A",0.115
"s00346_B",0.115
"s00347_A",0.12
"s00347_B",0.115
"s00348_A",0.115
"s00348_B",0.12
"s00349_A",0.115
"s00349_B",0.115
"s00350_A",0.125
"s00350_B",0.11
"s00351_A",0.12
"s00351_B",0.12
"s00352_A",0.12
"s00352_B",0.115
"s00353_A",0.12
"s00353_B",0.115
"s00354_A",0.115
"s00354_B",0.115
"s00355_A",0.12
"s00355_B",0.12
"s00356_A",0.12
"s00356_B",0.12
"s00357_A",0.12
"s00357_B",0.115
"s00358_A",0.115
"s00358_B",0.12
"s00359_A",0.115
"s00359_B",0.12
"s00360_A",0.115
"s00360_B",0.12
"s00361_A",0.12
"s00361_B",0.115
"s00362_A",0.115
"s00362_B",0.115
"s00363_A",0.115
"s00363_B",0.12
"s00364_A",0.11
"s00364_B",0.12
"s00365_A",0.115
"s00365_B",0.115
"s00366_A",0.115
"s00366_B",0.115
"s00367_A",0.115
"s00367_B",0.115
"s00368_A",0.12
"s00368_B",0.115
"s00369_A",0.11
"s00369_B",0.12
"s00370_A",0.11
"s00370_B",0.12
"s00371_A",0.12
"s00371_B",0.12
"s00372_A",0.12
"s00372_B",0.115
"s00373_A",0.115
"s00373_B",0.12
"s00374_A",0.115
"s00374_B",0.12
"s00375_A",0.115
"s00375_B",0.12
"s00376_A",0.12
"s00376_B",0.115
"s00377_A",0.115
"s00377_B",0.12
"s00378_A",0.115
"s00378_B",0.12
"s00379_A",0.12
"s00379_B",0.115
"s00380_A",0.115
"s00380_B",0.115
"s00381_A",0.12
"s00381_B",0.12
"s00382_A",0.115
"s00382_B",0.115
"s00383_A",0.11
"s00383_B",0.125
"s00384_A",0.11
"s00384_B",0.115
"s00385_A",0.115
"s00385_B",0.12
"s00386_A",0.115
"s00386_B",0.12
"s00387_A",0.12
"s00387_B",0.115
"s00388_A",0.12
"s00388_B",0.115
"s00389_A",0.12
"s00389_B",0.115
"s00390_A",0.115
"s00390_B",0.12
"s00391_A",0.115
"s00391_B",0.12
"s00392_A",0.125
"s00392_B",0.11
"s00393_A",0.115
"s00393_B",0.12
"s00394_A",0.12
"s00394_B",0.115
"s00395_A",0.12
"s00395_B",0.115
"s00396_A",0.12
"s00396_B",0.115
"s00397_A",0.115
"s00397_B",0.115
"s00398_A",0.11
"s00398_B",0.115
"s00399_A",0.115
"s00399_B",0.115
"s00400_A",0.115
"s00400_B",0.115
"s00401_A",0.115
"s00401_B",0.12
"s00402_A",0.12
"s00402_B",0.115
"s00403_A",0.115
"s00403_B",0.12
"s00404_A",0.115
"s00404_B",0.115
"s00405_A",0.115
"s00405_B",0.115
"s00406_A",0.115
"s00406_B",0.115
"s00407_A",0.115
"s00407_B",0.115
"s00408_A",0.115
"s00408_B",0.115
"s00409_A",0.12
"s00409_B",0.115
"s00410_A",0.115
"s00410_B",0.12
"s00411_A",0.12
"s00411_B",0.12
"s00412_A",0.115
"s00412_B",0.12
"s00413_A",0.115
"s00413_B",0.115
"s00414_A",0.115
"s00414_B",0.12
"s00415_A",0.12
"s00415_B",0.115
"s00416_A",0.115
"s00416_B",0.115
"s00417_A",0.115
"s00417_B",0.115
"s00418_A",0.115
"s00418_B",0.115
"s00419_A",0.115
"s00419_B",0.115
"s00420_A",0.12
"s00420_B",0.115
"s00421_A",0.12
"s00421_B",0.11
"s00422_A",0.115
"s00422_B",0.115
"s00423_A",0.12
"s00423_B",0.115
"s00424_A",0.11
"s00424_B",0.115
"s00425_A",0.115
"s00425_B",0.12
"s00426_A",0.12
"s00426_B",0.115
"s00427_A",0.115
"s00427_B",0.115
"s00428_A",0.12
"s00428_B",0.115
"s00429_A",0.115
"s00429_B",0.11
"s00430_A",0.12
"s00430_B",0.115
"s00431_A",0.12
"s00431_B",0.115
"s00432_A",0.12
"s00432_B",0.115
"s00433_A",0.115
"s00433_B",0.11
"s00434_A",0.115
"s00434_B",0.115
"s00435_A",0.12
"s00435_B",0.11
"s00436_A",0.12
"s00436_B",0.11
"s00437_A",0.12
"s00437_B",0.115
"s00438_A",0.12
"s00438_B",0.115
"s00439_A",0.12
"s00439_B",0.11
"s00440_A",0.115
"s00440_B",0.115
"s00441_A",0.12
"s00441_B",0.115
"s00442_A",0.115
"s00442_B",0.12
"s00443_A",0.12
"s00443_B",0.115
"s00444_A",0.115
"s00444_B",0.115
"s00445_A",0.12
"s00445_B",0.115
"s00446_A",0.115
"s00446_B",0.12
"s00447_A",0.115
"s00447_B",0.115
"s00448_A",0.12
"s00448_B",0.115
"s00449_A",0.12
"s00449_B",0.11
"s00450_A",0.115
"s00450_B",0.115
"s00451_A",0.115
"s00451_B",0.115
"s00452_A",0.12
"s00452_B",0.115
"s00453_A",0.12
"s00453_B",0.115
"s00454_A",0.12
"s00454_B",0.12
"s00455_A",0.115
"s00455_B",0.12
"s00456_A",0.115
"s00456_B",0.12
"s00457_A",0.115
"s00457_B",0.115
"s00458_A",0.12
"s00458_B",0.11
"s00459_A",0.115
"s00459_B",0.115
"s00460_A",0.12
"s00460_B",0.115
"s00461_A",0.115
"s00461_B",0.12
"s00462_A",0.115
"s00462_B",0.115
"s00463_A",0.115
"s00463_B",0.115
"s00464_A",0.12
"s00464_B",0.115
"s00465_A",0.12
"s00465_B",0.12
"s00466_A",0.125
"s00466_B",0.12
"s00467_A",0.115
"s00467_B",0.12
"s00468_A",0.12
"s00468_B",0.115
"s00469_A",0.115
"s00469_B",0.115
"s00470_A",0.115
"s00470_B",0.12
"s00471_A",0.115
"s00471_B",0.115
"s00472_A",0.12
"s00472_B",0.115
"s00473_A",0.12
"s00473_B",0.115
"s00474_A",0.12
"s00474_B",0.12
"s00475_A",0.12
"s00475_B",0.115
"s00476_A",0.12
"s00476_B",0.115
"s00477_A",0.12
"s00477_B",0.115
"s00478_A",0.115
"s00478_B",0.115
"s00479_A",0.12
"s00479_B",0.115
"s00480_A",0.115
"s00480_B",0.115
"s00481_A",0.11
"s00481_B",0.12
"s00482_A",0.115
"s00482_B",0.115
"s00483_A",0.12
"s00483_B",0.115
"s00484_A",0.115
"s00484_B",0.12
"s00485_A",0.115
"s00485_B",0.125
"s00486_A",0.115
"s00486_B",0.115
"s00487_A",0.11
"s00487_B",0.12
"s00488_A",0.12
"s00488_B",0.115
"s00489_A",0.115
"s00489_B",0.12
"s00490_A",0.115
"s00490_B",0.12
"s00491_A",0.115
"s00491_B",0.115
"s00492_A",0.12
"s00492_B",0.115
"s00493_A",0.12
"s00493_B",0.115
"s00494_A",0.115
"s00494_B",0.12
"s00495_A",0.12
"s00495_B",0.12
"s00496_A",0.12
"s00496_B",0.115
"s00497_A",0.12
"s00497_B",0.11
"s00498_A",0.12
"s00498_B",0.115
"s00499_A",0.115
"s00499_B",0.115
"s00500_A",0.115
"s00500_B",0.115
"s00501_A",0.115
"s00501_B",0.12
"s00502_A",0.115
"s00502_B",0.115
"s00503_A",0.12
"s00503_B",0.115
"s00504_A",0.115
"s00504_B",0.115
"s00505_A",0.115
"s00505_B",0.11
"s00506_A",0.12
"s00506_B",0.115
"s00507_A",0.115
"s00507_B",0.12
"s00508_A",0.12
"s00508_B",0.12
"s00509_A",0.12
"s00509_B",0.115
"s00510_A",0.115
"s00510_B",0.12
"s00511_A",0.12
"s00511_B",0.115
"s00512_A",0.12
"s00512_B",0.115
"s00513_A",0.115
"s00513_B",0.115
"s00514_A",0.115
"s00514_B",0.115
"s00515_A",0.12
"s00515_B",0.115
"s00516_A",0.12
"s00516_B",0.115
"s00517_A",0.115
"s00517_B",0.12
"s00518_A",0.12
"s00518_B",0.115
"s00519_A",0.115
"s00519_B",0.115
"s00520_A",0.115
"s00520_B",0.115
"s00521_A",0.12
"s00521_B",0.115
"s00522_A",0.115
"s00522_B",0.115
"s00523_A",0.115
"s00523_B",0.12
"s00524_A",0.12
"s00524_B",0.12
"s00525_A",0.12
"s00525_B",0.11
"s00526_A",0.115
"s00526_B",0.12
"s00527_A",0.115
"s00527_B",0.12
"s00528_A",0.11
"s00528_B",0.12
"s00529_A",0.115
"s00529_B",0.12
"s00530_A",0.12
"s00530_B",0.11
"s00531_A",0.12
"s00531_B",0.115
"s00532_A",0.12
"s00532_B",0.115
"s00533_A",0.115
"s00533_B",0.115
"s00534_A",0.115
"s00534_B",0.115
"s00535_A",0.115
"s00535_B",0.115
"s00536_A",0.115
"s00536_B",0.115
"s00537_A",0.115
"s00537_B",0.115
"s00538_A",0.115
"s00538_B",0.12
"s00539_A",0.115
"s00539_B",0.12
"s00540_A",0.12
"s00540_B",0.115
"s00541_A",0.115
"s00541_B",0.115
"s00542_A",0.115
"s00542_B",0.115
"s00543_A",0.12
"s00543_B",0.12
"s00544_A",0.12
"s00544_B",0.115
"s00545_A",0.12
"s00545_B",0.115
"s00546_A",0.12
"s00546_B",0.115
"s00547_A",0.115
"s00547_B",0.115
"s00548_A",0.115
"s00548_B",0.115
"s00549_A",0.115
"s00549_B",0.125
"s00550_A",0.115
"s00550_B",0.115
"s00551_A",0.115
"s00551_B",0.115
"s00552_A",0.115
"s00552_B",0.115
"s00553_A",0.115
"s00553_B",0.115
"s00554_A",0.12
"s00554_B",0.12
"s00555_A",0.12
"s00555_B",0.12
"s00556_A",0.115
"s00556_B",0.12
"s00557_A",0.115
"s00557_B",0.115
"s00558_A",0.115
"s00558_B",0.115
"s00559_A",0.115
"s00559_B",0.12
"s00560_A",0.125
"s00560_B",0.12
"s00561_A",0.115
"s00561_B",0.12
"s00562_A",0.12
"s00562_B",0.12
"s00563_A",0.12
"s00563_B",0.11
"s00564_A",0.12
"s00564_B",0.12
"s00565_A",0.12
"s00565_B",0.115
"s00566_A",0.115
"s00566_B",0.12
"s00567_A",0.115
"s00567_B",0.115
"s00568_A",0.11
"s00568_B",0.12
"s00569_A",0.115
"s00569_B",0.115
"s00570_A",0.115
"s00570_B",0.12
"s00571_A",0.115
"s00571_B",0.11
"s00572_A",0.12
"s00572_B",0.115
"s00573_A",0.12
"s00573_B",0.115
"s00574_A",0.12
"s00574_B",0.115
"s00575_A",0.115
"s00575_B",0.12
"s00576_A",0.115
"s00576_B",0.115
"s00577_A",0.115
"s00577_B",0.115
"s00578_A",0.115
"s00578_B",0.125
"s00579_A",0.115
"s00579_B",0.115
"s00580_A",0.115
"s00580_B",0.12
"s00581_A",0.115
"s00581_B",0.12
"s00582_A",0.115
"s00582_B",0.115
"s00583_A",0.115
"s00583_B",0.12
"s00584_A",0.12
"s00584_B",0.115
"s00585_A",0.115
"s00585_B",0.12
"s00586_A",0.115
"s00586_B",0.12
"s00587_A",0.115
"s00587_B",0.125
"s00588_A",0.115
"s00588_B",0.115
"s00589_A",0.12
"s00589_B",0.12
"s00590_A",0.12
"s00590_B",0.115
"s00591_A",0.115
"s00591_B",0.115
"s00592_A",0.115
"s00592_B",0.115
"s00593_A",0.115
"s00593_B",0.115
"s00594_A",0.12
"s00594_B",0.115
"s00595_A",0.115
"s00595_B",0.115
"s00596_A",0.115
"s00596_B",0.115
"s00597_A",0.115
"s00597_B",0.12
"s00598_A",0.115
"s00598_B",0.115
"s00599_A",0.11
"s00599_B",0.12
"s00600_A",0.12
"s00600_B",0.115
"s00601_A",0.115
"s00601_B",0.12
"s00602_A",0.12
"s00602_B",0.115
"s00603_A",0.115
"s00603_B",0.115
"s00604_A",0.12
"s00604_B",0.12
"s00605_A",0.12
"s00605_B",0.115
"s00606_A",0.115
"s00606_B",0.12
"s00607_A",0.12
"s00607_B",0.115
"s00608_A",0.115
"s00608_B",0.115
"s00609_A",0.115
"s00609_B",0.115
"s00610_A",0.12
"s00610_B",0.115
"s00611_A",0.12
"s00611_B",0.115
"s00612_A",0.115
"s00612_B",0.115
"s00613_A",0.12
"s00613_B",0.12
"s00614_A",0.12
"s00614_B",0.12
"s00615_A",0.115
"s00615_B",0.115
"s00616_A",0.12
"s00616_B",0.115
"s00617_A",0.115
"s00617_B",0.115
"s00618_A",0.115
"s00618_B",0.115
"s00619_A",0.11
"s00619_B",0.12
"s00620_A",0.115
"s00620_B",0.115
"s00621_A",0.12
"s00621_B",0.12
"s00622_A",0.115
"s00622_B",0.115
"s00623_A",0.115
"s00623_B",0.115
"s00624_A",0.12
"s00624_B",0.115
"s00625_A",0.12
"s00625_B",0.115
"s00626_A",0.12
"s00626_B",0.12
"s00627_A",0.115
"s00627_B",0.125
"s00628_A",0.115
"s00628_B",0.12
"s00629_A",0.12
"s00629_B",0.12
"s00630_A",0.115
"s00630_B",0.115
"s00631_A",0.115
"s00631_B",0.12
"s00632_A",0.12
"s00632_B",0.115
"s00633_A",0.12
"s00633_B",0.115
"s00634_A",0.12
"s00634_B",0.12
"s00635_A",0.12
"s00635_B",0.115
"s00636_A",0.115
"s00636_B",0.115
"s00637_A",0.115
"s00637_B",0.115
"s00638_A",0.115
"s00638_B",0.115
"s00639_A",0.12
"s00639_B",0.115
"s00640_A",0.12
"s00640_B",0.12
"s00641_A",0.12
"s00641_B",0.115
"s00642_A",0.115
"s00642_B",0.115
"s00643_A",0.115
"s00643_B",0.115
"s00644_A",0.115
"s00644_B",0.12
"s00645_A",0.115
"s00645_B",0.12
"s00646_A",0.12
"s00646_B",0.115
"s00647_A",0.115
"s00647_B",0.12
"s00648_A",0.115
"s00648_B",0.115
"s00649_A",0.115
"s00649_B",0.115
"s00650_A",0.115
"s00650_B",0.115
"s00651_A",0.12
"s00651_B",0.115
"s00652_A",0.11
"s00652_B",0.115
"s00653_A",0.115
"s00653_B",0.115
"s00654_A",0.12
"s00654_B",0.115
"s00655_A",0.12
"s00655_B",0.115
"s00656_A",0.12
"s00656_B",0.115
"s00657_A",0.115
"s00657_B",0.115
"s00658_A",0.115
"s00658_B",0.115
"s00659_A",0.115
"s00659_B",0.12
"s00660_A",0.12
"s00660_B",0.115
"s00661_A",0.11
"s00661_B",0.12
"s00662_A",0.115
"s00662_B",0.12
"s00663_A",0.115
"s00663_B",0.12
"s00664_A",0.115
"s00664_B",0.12
"s00665_A",0.12
"s00665_B",0.12
"s00666_A",0.115
"s00666_B",0.115
"s00667_A",0.115
"s00667_B",0.115
"s00668_A",0.115
"s00668_B",0.115
"s00669_A",0.12
"s00669_B",0.115
"s00670_A",0.115
"s00670_B",0.115
"s00671_A",0.115
"s00671_B",0.12
"s00672_A",0.12
"s00672_B",0.12
"s00673_A",0.12
"s00673_B",0.12
"s00674_A",0.115
"s00674_B",0.115
"s00675_A",0.115
"s00675_B",0.115
"s00676_A",0.115
"s00676_B",0.115
"s00677_A",0.11
"s00677_B",0.12
"s00678_A",0.115
"s00678_B",0.115
"s00679_A",0.115
"s00679_B",0.115
"s00680_A",0.115
"s00680_B",0.12
"s00681_A",0.115
"s00681_B",0.115
"s00682_A",0.115
"s00682_B",0.115
"s00683_A",0.12
"s00683_B",0.115
"s00684_A",0.12
"s00684_B",0.115
"s00685_A",0.12
"s00685_B",0.115
"s00686_A",0.115
"s00686_B",0.12
"s00687_A",0.115
"s00687_B",0.12
"s00688_A",0.12
"s00688_B",0.12
"s00689_A",0.115
"s00689_B",0.12
"s00690_A",0.12
"s00690_B",0.115
"s00691_A",0.115
"s00691_B",0.115
"s00692_A",0.115
"s00692_B",0.115
"s00693_A",0.115
"s00693_B",0.115
"s00694_A",0.115
"s00694_B",0.12
"s00695_A",0.12
"s00695_B",0.115
"s00696_A",0.12
"s00696_B",0.115
"s00697_A",0.115
"s00697_B",0.12
"s00698_A",0.11
"s00698_B",0.12
"s00699_A",0.12
"s00699_B",0.115
"s00700_A",0.115
"s00700_B",0.115
"s00701_A",0.11
"s00701_B",0.115
"s00702_A",0.12
"s00702_B",0.12
"s00703_A",0.12
"s00703_B",0.115
"s00704_A",0.115
"s00704_B",0.115
"s00705_A",0.115
"s00705_B",0.115
"s00706_A",0.12
"s00706_B",0.12
"s00707_A",0.12
"s00707_B",0.12
"s00708_A",0.115
"s00708_B",0.12
"s00709_A",0.12
"s00709_B",0.12
"s00710_A",0.115
"s00710_B",0.115
"s00711_A",0.12
"s00711_B",0.115
"s00712_A",0.115
"s00712_B",0.115
"s00713_A",0.12
"s00713_B",0.115
"s00714_A",0.12
"s00714_B",0.12
"s00715_A",0.115
"s00715_B",0.11
"s00716_A",0.115
"s00716_B",0.115
"s00717_A",0.115
"s00717_B",0.12
"s00718_A",0.115
"s00718_B",0.12
"s00719_A",0.12
"s00719_B",0.12
"s00720_A",0.12
"s00720_B",0.12
"s00721_A",0.12
"s00721_B",0.11
"s00722_A",0.12
"s00722_B",0.12
"s00723_A",0.115
"s00723_B",0.115
"s00724_A",0.11
"s00724_B",0.12
"s00725_A",0.12
"s00725_B",0.115
"s00726_A",0.115
"s00726_B",0.12
"s00727_A",0.12
"s00727_B",0.12
"s00728_A",0.115
"s00728_B",0.12
"s00729_A",0.115
"s00729_B",0.115
"s00730_A",0.12
"s00730_B",0.12
"s00731_A",0.115
"s00731_B",0.12
"s00732_A",0.115
"s00732_B",0.115
"s00733_A",0.115
"s00733_B",0.115
"s00734_A",0.12
"s00734_B",0.115
"s00735_A",0.12
"s00735_B",0.115
"s00736_A",0.12
"s00736_B",0.12
"s00737_A",0.115
"s00737_B",0.115
"s00738_A",0.115
"s00738_B",0.12
"s00739_A",0.12
"s00739_B",0.115
"s00740_A",0.12
"s00740_B",0.12
"s00741_A",0.115
"s00741_B",0.115
"s00742_A",0.115
"s00742_B",0.12
"s00743_A",0.115
"s00743_B",0.12
"s00744_A",0.115
"s00744_B",0.115
"s00745_A",0.115
"s00745_B",0.115
"s00746_A",0.115
"s00746_B",0.115
"s00747_A",0.115
"s00747_B",0.115
"s00748_A",0.11
"s00748_B",0.12
"s00749_A",0.12
"s00749_B",0.125
"s00750_A",0.115
"s00750_B",0.115
"s00751_A",0.115
"s00751_B",0.115
"s00752_A",0.12
"s00752_B",0.12
"s00753_A",0.125
"s00753_B",0.12
"s00754_A",0.12
"s00754_B",0.125
"s00755_A",0.115
"s00755_B",0.115
"s00756_A",0.115
"s00756_B",0.115
"s00757_A",0.115
"s00757_B",0.12
"s00758_A",0.115
"s00758_B",0.115
"s00759_A",0.115
"s00759_B",0.12
"s00760_A",0.115
"s00760_B",0.12
"s00761_A",0.12
"s00761_B",0.115
"s00762_A",0.12
"s00762_B",0.115
"s00763_A",0.115
"s00763_B",0.12
"s00764_A",0.115
"s00764_B",0.12
"s00765_A",0.12
"s00765_B",0.12
"s00766_A",0.12
"s00766_B",0.115
"s00767_A",0.115
"s00767_B",0.115
"s00768_A",0.115
"s00768_B",0.115
"s00769_A",0.12
"s00769_B",0.11
"s00770_A",0.115
"s00770_B",0.12
"s00771_A",0.12
"s00771_B",0.115
"s00772_A",0.115
"s00772_B",0.12
"s00773_A",0.12
"s00773_B",0.115
"s00774_A",0.12
"s00774_B",0.12
"s00775_A",0.115
"s00775_B",0.115
"s00776_A",0.12
"s00776_B",0.115
"s00777_A",0.12
"s00777_B",0.12
"s00778_A",0.115
"s00778_B",0.12
"s00779_A",0.115
"s00779_B",0.115
"s00780_A",0.12
"s00780_B",0.12
"s00781_A",0.115
"s00781_B",0.11
"s00782_A",0.12
"s00782_B",0.11
"s00783_A",0.11
"s00783_B",0.12
"s00784_A",0.115
"s00784_B",0.12
"s00785_A",0.115
"s00785_B",0.115
"s00786_A",0.115
"s00786_B",0.115
"s00787_A",0.115
"s00787_B",0.12
"s00788_A",0.12
"s00788_B",0.12
"s00789_A",0.11
"s00789_B",0.115
"s00790_A",0.115
"s00790_B",0.115
"s00791_A",0.115
"s00791_B",0.12
"s00792_A",0.12
"s00792_B",0.115
"s00793_A",0.115
"s00793_B",0.115
"s00794_A",0.115
"s00794_B",0.115
"s00795_A",0.115
"s00795_B",0.125
"s00796_A",0.12
"s00796_B",0.12
"s00797_A",0.115
"s00797_B",0.115
"s00798_A",0.115
"s00798_B",0.12
"s00799_A",0.115
"s00799_B",0.12
"s00800_A",0.12
"s00800_B",0.115
"s00801_A",0.115
"s00801_B",0.12
"s00802_A",0.12
"s00802_B",0.12
"s00803_A",0.115
"s00803_B",0.115
"s00804_A",0.115
"s00804_B",0.12
"s00805_A",0.115
"s00805_B",0.12
"s00806_A",0.12
"s00806_B",0.11
"s00807_A",0.115
"s00807_B",0.12
"s00808_A",0.12
"s00808_B",0.115
"s00809_A",0.115
"s00809_B",0.115
"s00810_A",0.125
"s00810_B",0.115
"s00811_A",0.12
"s00811_B",0.12
"s00812_A",0.11
"s00812_B",0.12
"s00813_A",0.115
"s00813_B",0.115
"s00814_A",0.12
"s00814_B",0.115
"s00815_A",0.11
"s00815_B",0.12
"s00816_A",0.12
"s00816_B",0.12
"s00817_A",0.115
"s00817_B",0.115
"s00818_A",0.11
"s00818_B",0.12
"s00819_A",0.12
"s00819_B",0.115
"s00820_A",0.115
"s00820_B",0.115
"s00821_A",0.125
"s00821_B",0.115
"s00822_A",0.115
"s00822_B",0.12
"s00823_A",0.12
"s00823_B",0.115
"s00824_A",0.115
"s00824_B",0.115
"s00825_A",0.12
"s00825_B",0.11
"s00826_A",0.12
"s00826_B",0.115
"s00827_A",0.12
"s00827_B",0.115
"s00828_A",0.12
"s00828_B",0.115
"s00829_A",0.115
"s00829_B",0.115
"s00830_A",0.12
"s00830_B",0.115
"s00831_A",0.12
"s00831_B",0.115
"s00832_A",0.115
"s00832_B",0.115
"s00833_A",0.12
"s00833_B",0.11
"s00834_A",0.12
"s00834_B",0.115
"s00835_A",0.12
"s00835_B",0.125
"s00836_A",0.115
"s00836_B",0.12
"s00837_A",0.12
"s00837_B",0.115
"s00838_A",0.115
"s00838_B",0.12
"s00839_A",0.11
"s00839_B",0.115
"s00840_A",0.12
"s00840_B",0.12
"s00841_A",0.115
"s00841_B",0.12
"s00842_A",0.115
"s00842_B",0.115
"s00843_A",0.115
"s00843_B",0.11
"s00844_A",0.125
"s00844_B",0.12
"s00845_A",0.12
"s00845_B",0.115
"s00846_A",0.115
"s00846_B",0.12
"s00847_A",0.12
"s00847_B",0.12
"s00848_A",0.115
"s00848_B",0.115
"s00849_A",0.12
"s00849_B",0.115
"s00850_A",0.12
"s00850_B",0.11
"s00851_A",0.115
"s00851_B",0.12
"s00852_A",0.115
"s00852_B",0.115
"s00853_A",0.115
"s00853_B",0.115
"s00854_A",0.115
"s00854_B",0.115
"s00855_A",0.115
"s00855_B",0.12
"s00856_A",0.115
"s00856_B",0.115
"s00857_A",0.115
"s00857_B",0.115
"s00858_A",0.12
"s00858_B",0.115
"s00859_A",0.12
"s00859_B",0.115
"s00860_A",0.12
"s00860_B",0.12
"s00861_A",0.11
"s00861_B",0.115
"s00862_A",0.12
"s00862_B",0.115
"s00863_A",0.12
"s00863_B",0.12
"s00864_A",0.115
"s00864_B",0.115
"s00865_A",0.12
"s00865_B",0.115
"s00866_A",0.12
"s00866_B",0.12
"s00867_A",0.12
"s00867_B",0.115
"s00868_A",0.115
"s00868_B",0.115
"s00869_A",0.115
"s00869_B",0.115
"s00870_A",0.115
"s00870_B",0.115
"s00871_A",0.115
"s00871_B",0.115
"s00872_A",0.115
"s00872_B",0.12
"s00873_A",0.115
"s00873_B",0.11
"s00874_A",0.12
"s00874_B",0.115
"s00875_A",0.115
"s00875_B",0.115
"s00876_A",0.115
"s00876_B",0.12
"s00877_A",0.115
"s00877_B",0.11
"s00878_A",0.115
"s00878_B",0.12
"s00879_A",0.11
"s00879_B",0.115
"s00880_A",0.115
"s00880_B",0.11
"s00881_A",0.115
"s00881_B",0.12
"s00882_A",0.115
"s00882_B",0.115
"s00883_A",0.115
"s00883_B",0.115
"s00884_A",0.125
"s00884_B",0.115
"s00885_A",0.12
"s00885_B",0.12
"s00886_A",0.115
"s00886_B",0.12
"s00887_A",0.11
"s00887_B",0.12
"s00888_A",0.12
"s00888_B",0.12
"s00889_A",0.115
"s00889_B",0.125
"s00890_A",0.12
"s00890_B",0.115
"s00891_A",0.115
"s00891_B",0.115
"s00892_A",0.115
"s00892_B",0.12
"s00893_A",0.12
"s00893_B",0.115
"s00894_A",0.11
"s00894_B",0.115
"s00895_A",0.12
"s00895_B",0.115
"s00896_A",0.12
"s00896_B",0.125
"s00897_A",0.12
"s00897_B",0.12
"s00898_A",0.12
"s00898_B",0.12
"s00899_A",0.115
"s00899_B",0.115
"s00900_A",0.12
"s00900_B",0.12
"s00901_A",0.11
"s00901_B",0.115
"s00902_A",0.115
"s00902_B",0.12
"s00903_A",0.12
"s00903_B",0.115
"s00904_A",0.115
"s00904_B",0.115
"s00905_A",0.11
"s00905_B",0.12
"s00906_A",0.12
"s00906_B",0.11
"s00907_A",0.12
"s00907_B",0.115
"s00908_A",0.115
"s00908_B",0.12
"s00909_A",0.115
"s00909_B",0.12
"s00910_A",0.125
"s00910_B",0.12
"s00911_A",0.115
"s00911_B",0.12
"s00912_A",0.115
"s00912_B",0.115
"s00913_A",0.115
"s00913_B",0.115
"s00914_A",0.115
"s00914_B",0.115
"s00915_A",0.12
"s00915_B",0.12
"s00916_A",0.115
"s00916_B",0.115
"s00917_A",0.115
"s00917_B",0.125
"s00918_A",0.115
"s00918_B",0.115
"s00919_A",0.115
"s00919_B",0.115
"s00920_A",0.115
"s00920_B",0.11
"s00921_A",0.12
"s00921_B",0.12
"s00922_A",0.12
"s00922_B",0.12
"s00923_A",0.115
"s00923_B",0.115
"s00924_A",0.115
"s00924_B",0.12
"s00925_A",0.11
"s00925_B",0.115
"s00926_A",0.12
"s00926_B",0.12
"s00927_A",0.115
"s00927_B",0.115
"s00928_A",0.115
"s00928_B",0.115
"s00929_A",0.12
"s00929_B",0.125
"s00930_A",0.12
"s00930_B",0.12
"s00931_A",0.12
"s00931_B",0.115
"s00932_A",0.115
"s00932_B",0.12
"s00933_A",0.115
"s00933_B",0.12
"s00934_A",0.12
"s00934_B",0.125
"s00935_A",0.115
"s00935_B",0.115
"s00936_A",0.12
"s00936_B",0.115
"s00937_A",0.11
"s00937_B",0.115
"s00938_A",0.115
"s00938_B",0.12
"s00939_A",0.115
"s00939_B",0.115
"s00940_A",0.115
"s00940_B",0.125
"s00941_A",0.115
"s00941_B",0.115
"s00942_A",0.115
"s00942_B",0.12
"s00943_A",0.12
"s00943_B",0.115
"s00944_A",0.12
"s00944_B",0.115
"s00945_A",0.12
"s00945_B",0.115
"s00946_A",0.12
"s00946_B",0.12
"s00947_A",0.115
"s00947_B",0.12
"s00948_A",0.115
"s00948_B",0.12
"s00949_A",0.12
"s00949_B",0.115
"s00950_A",0.115
"s00950_B",0.115
"s00951_A",0.115
"s00951_B",0.12
"s00952_A",0.12
"s00952_B",0.115
"s00953_A",0.115
"s00953_B",0.115
"s00954_A",0.115
"s00954_B",0.115
"s00955_A",0.11
"s00955_B",0.115
"s00956_A",0.12
"s00956_B",0.115
"s00957_A",0.115
"s00957_B",0.12
"s00958_A",0.115
"s00958_B",0.115
"s00959_A",0.12
"s00959_B",0.115
"s00960_A",0.115
"s00960_B",0.12
"s00961_A",0.115
"s00961_B",0.115
"s00962_A",0.115
"s00962_B",0.115
"s00963_A",0.115
"s00963_B",0.115
"s00964_A",0.12
"s00964_B",0.12
"s00965_A",0.115
"s00965_B",0.12
"s00966_A",0.115
"s00966_B",0.12
"s00967_A",0.12
"s00967_B",0.115
"s00968_A",0.12
"s00968_B",0.115
"s00969_A",0.12
"s00969_B",0.115
"s00970_A",0.12
"s00970_B",0.12
"s00971_A",0.12
"s00971_B",0.12
"s00972_A",0.12
"s00972_B",0.115
"s00973_A",0.115
"s00973_B",0.12
"s00974_A",0.115
"s00974_B",0.12
"s00975_A",0.12
"s00975_B",0.12
"s00976_A",0.115
"s00976_B",0.115
"s00977_A",0.12
"s00977_B",0.12
"s00978_A",0.12
"s00978_B",0.125
"s00979_A",0.115
"s00979_B",0.115
"s00980_A",0.115
"s00980_B",0.115
"s00981_A",0.115
"s00981_B",0.115
"s00982_A",0.115
"s00982_B",0.115
"s00983_A",0.115
"s00983_B",0.12
"s00984_A",0.115
"s00984_B",0.125
"s00985_A",0.115
"s00985_B",0.12
"s00986_A",0.12
"s00986_B",0.12
"s00987_A",0.115
"s00987_B",0.12
"s00988_A",0.12
"s00988_B",0.12
"s00989_A",0.12
"s00989_B",0.11
"s00990_A",0.12
"s00990_B",0.115
"s00991_A",0.115
"s00991_B",0.115
"s00992_A",0.115
"s00992_B",0.115
"s00993_A",0.12
"s00993_B",0.12
"s00994_A",0.12
"s00994_B",0.115
"s00995_A",0.12
"s00995_B",0.115
"s00996_A",0.115
"s00996_B",0.115
"s00997_A",0.115
"s00997_B",0.115
"s00998_A",0.12
"s00998_B",0.115
"s00999_A",0.115
"s00999_B",0.115
"s01000_A",0.12
"s01000_B",0.12
"s01001_A",0.12
"s01001_B",0.12
"s01002_A",0.115
"s01002_B",0.115
"s01003_A",0.115
"s01003_B",0.115
"s01004_A",0.115
"s01004_B",0.12
"s01005_A",0.12
"s01005_B",0.115
"s01006_A",0.115
"s01006_B",0.115
"s01007_A",0.125
"s01007_B",0.12
"s01008_A",0.12
"s01008_B",0.12
"s01009_A",0.115
"s01009_B",0.115
"s01010_A",0.11
"s01010_B",0.115
"s01011_A",0.125
"s01011_B",0.12
"s01012_A",0.125
"s01012_B",0.115
"s01013_A",0.115
"s01013_B",0.115
"s01014_A",0.115
"s01014_B",0.115
"s01015_A",0.115
"s01015_B",0.11
"s01016_A",0.115
"s01016_B",0.115
"s01017_A",0.12
"s01017_B",0.12
"s01018_A",0.115
"s01018_B",0.11
"s01019_A",0.12
"s01019_B",0.115
"s01020_A",0.115
"s01020_B",0.12
"s01021_A",0.115
"s01021_B",0.115
"s01022_A",0.12
"s01022_B",0.12
"s01023_A",0.11
"s01023_B",0.12
"s01024_A",0.11
"s01024_B",0.115
"s01025_A",0.12
"s01025_B",0.115
"s01026_A",0.125
"s01026_B",0.12
"s01027_A",0.125
"s01027_B",0.12
"s01028_A",0.12
"s01028_B",0.115
"s01029_A",0.115
"s01029_B",0.115
"s01030_A",0.12
"s01030_B",0.115
"s01031_A",0.115
"s01031_B",0.12
"s01032_A",0.12
"s01032_B",0.12
"s01033_A",0.115
"s01033_B",0.115
"s01034_A",0.115
"s01034_B",0.115
"s01035_A",0.12
"s01035_B",0.12
"s01036_A",0.12
"s01036_B",0.12
"s01037_A",0.12
"s01037_B",0.12
"s01038_A",0.12
"s01038_B",0.12
"s01039_A",0.12
"s01039_B",0.115
"s01040_A",0.12
"s01040_B",0.12
"s01041_A",0.115
"s01041_B",0.115
"s01042_A",0.115
"s01042_B",0.115
"s01043_A",0.115
"s01043_B",0.115
"s01044_A",0.12
"s01044_B",0.12
"s01045_A",0.11
"s01045_B",0.115
"s01046_A",0.115
"s01046_B",0.11
"s01047_A",0.115
"s01047_B",0.115
"s01048_A",0.12
"s01048_B",0.12
"s01049_A",0.12
"s01049_B",0.12
"s01050_A",0.115
"s01050_B",0.115
"s01051_A",0.12
"s01051_B",0.115
"s01052_A",0.115
"s01052_B",0.115
"s01053_A",0.115
"s01053_B",0.12
"s01054_A",0.115
"s01054_B",0.115
"s01055_A",0.115
"s01055_B",0.115
"s01056_A",0.11
"s01056_B",0.115
"s01057_A",0.12
"s01057_B",0.115
"s01058_A",0.115
"s01058_B",0.115
"s01059_A",0.115
"s01059_B",0.12
"s01060_A",0.12
"s01060_B",0.12
"s01061_A",0.115
"s01061_B",0.11
"s01062_A",0.115
"s01062_B",0.115
"s01063_A",0.12
"s01063_B",0.115
"s01064_A",0.125
"s01064_B",0.115
"s01065_A",0.12
"s01065_B",0.12
"s01066_A",0.115
"s01066_B",0.11
"s01067_A",0.115
"s01067_B",0.12
"s01068_A",0.115
"s01068_B",0.12
"s01069_A",0.115
"s01069_B",0.115
"s01070_A",0.115
"s01070_B",0.115
"s01071_A",0.115
"s01071_B",0.115
"s01072_A",0.12
"s01072_B",0.115
"s01073_A",0.115
"s01073_B",0.115
"s01074_A",0.12
"s01074_B",0.115
"s01075_A",0.12
"s01075_B",0.115
"s01076_A",0.12
"s01076_B",0.115
"s01077_A",0.12
"s01077_B",0.115
"s01078_A",0.12
"s01078_B",0.12
"s01079_A",0.115
"s01079_B",0.115
"s01080_A",0.11
"s01080_B",0.12
"s01081_A",0.12
"s01081_B",0.12
"s01082_A",0.115
"s01082_B",0.115
"s01083_A",0.115
"s01083_B",0.115
"s01084_A",0.115
"s01084_B",0.115
"s01085_A",0.115
"s01085_B",0.115
"s01086_A",0.115
"s01086_B",0.115
"s01087_A",0.115
"s01087_B",0.11
"s01088_A",0.12
"s01088_B",0.115
"s01089_A",0.12
"s01089_B",0.115
"s01090_A",0.115
"s01090_B",0.115
"s01091_A",0.115
"s01091_B",0.115
"s01092_A",0.115
"s01092_B",0.11
"s01093_A",0.115
"s01093_B",0.12
"s01094_A",0.12
"s01094_B",0.115
"s01095_A",0.115
"s01095_B",0.12
"s01096_A",0.115
"s01096_B",0.12
"s01097_A",0.115
"s01097_B",0.115
"s01098_A",0.115
"s01098_B",0.115
"s01099_A",0.11
"s01099_B",0.11
"s01100_A",0.115
"s01100_B",0.115
"s01101_A",0.12
"s01101_B",0.12
"s01102_A",0.12
"s01102_B",0.115
"s01103_A",0.115
"s01103_B",0.12
"s01104_A",0.115
"s01104_B",0.12
"s01105_A",0.115
"s01105_B",0.12
"s01106_A",0.12
"s01106_B",0.12
"s01107_A",0.12
"s01107_B",0.12
"s01108_A",0.115
"s01108_B",0.115
"s01109_A",0.12
"s01109_B",0.12
"s01110_A",0.12
"s01110_B",0.12
"s01111_A",0.12
"s01111_B",0.115
"s01112_A",0.12
"s01112_B",0.12
"s01113_A",0.115
"s01113_B",0.115
"s01114_A",0.115
"s01114_B",0.115
"s01115_A",0.115
"s01115_B",0.12
"s01116_A",0.12
"s01116_B",0.115
"s01117_A",0.115
"s01117_B",0.115
"s01118_A",0.115
"s01118_B",0.115
"s01119_A",0.11
"s01119_B",0.11
"s01120_A",0.115
"s01120_B",0.12
"s01121_A",0.115
"s01121_B",0.115
"s01122_A",0.115
"s01122_B",0.11
"s01123_A",0.115
"s01123_B",0.115
"s01124_A",0.12
"s01124_B",0.115
"s01125_A",0.115
"s01125_B",0.12
"s01126_A",0.12
"s01126_B",0.115
"s01127_A",0.12
"s01127_B",0.12
"s01128_A",0.115
"s01128_B",0.115
"s01129_A",0.115
"s01129_B",0.115
"s01130_A",0.115
"s01130_B",0.115
"s01131_A",0.12
"s01131_B",0.12
"s01132_A",0.115
"s01132_B",0.115
"s01133_A",0.12
"s01133_B",0.115
"s01134_A",0.12
"s01134_B",0.12
"s01135_A",0.115
"s01135_B",0.115
"s01136_A",0.12
"s01136_B",0.115
"s01137_A",0.115
"s01137_B",0.115
"s01138_A",0.115
"s01138_B",0.115
"s01139_A",0.12
"s01139_B",0.12
"s01140_A",0.115
"s01140_B",0.12
"s01141_A",0.12
"s01141_B",0.12
"s01142_A",0.115
"s01142_B",0.12
"s01143_A",0.12
"s01143_B",0.125
"s01144_A",0.115
"s01144_B",0.115
"s01145_A",0.11
"s01145_B",0.115
"s01146_A",0.115
"s01146_B",0.115
"s01147_A",0.12
"s01147_B",0.12
"s01148_A",0.115
"s01148_B",0.115
"s01149_A",0.12
"s01149_B",0.12
"s01150_A",0.115
"s01150_B",0.115
"s01151_A",0.11
"s01151_B",0.115
"s01152_A",0.12
"s01152_B",0.115
"s01153_A",0.115
"s01153_B",0.115
"s01154_A",0.12
"s01154_B",0.12
"s01155_A",0.12
"s01155_B",0.12
"s01156_A",0.12
"s01156_B",0.12
"s01157_A",0.12
"s01157_B",0.115
"s01158_A",0.11
"s01158_B",0.115
"s01159_A",0.115
"s01159_B",0.115
"s01160_A",0.12
"s01160_B",0.115
"s01161_A",0.12
"s01161_B",0.115
"s01162_A",0.115
"s01162_B",0.115
"s01163_A",0.115
"s01163_B",0.115
"s01164_A",0.115
"s01164_B",0.115
"s01165_A",0.12
"s01165_B",0.115
"s01166_A",0.11
"s01166_B",0.115
"s01167_A",0.12
"s01167_B",0.115
"s01168_A",0.12
"s01168_B",0.12
"s01169_A",0.115
"s01169_B",0.12
"s01170_A",0.115
"s01170_B",0.115
"s01171_A",0.115
"s01171_B",0.12
"s01172_A",0.115
"s01172_B",0.115
"s01173_A",0.115
"s01173_B",0.115
"s01174_A",0.12
"s01174_B",0.12
"s01175_A",0.115
"s01175_B",0.115
"s01176_A",0.12
"s01176_B",0.12
"s01177_A",0.115
"s01177_B",0.12
"s01178_A",0.115
"s01178_B",0.115
"s01179_A",0.115
"s01179_B",0.115
"s01180_A",0.115
"s01180_B",0.115
"s01181_A",0.12
"s01181_B",0.115
"s01182_A",0.115
"s01182_B",0.115
"s01183_A",0.115
"s01183_B",0.115
"s01184_A",0.115
"s01184_B",0.12
"s01185_A",0.115
"s01185_B",0.12
"s01186_A",0.12
"s01186_B",0.12
"s01187_A",0.12
"s01187_B",0.115
"s01188_A",0.12
"s01188_B",0.125
"s01189_A",0.115
"s01189_B",0.12
"s01190_A",0.115
"s01190_B",0.12
"s01191_A",0.115
"s01191_B",0.115
"s01192_A",0.115
"s01192_B",0.12
"s01193_A",0.115
"s01193_B",0.115
"s01194_A",0.12
"s01194_B",0.115
"s01195_A",0.12
"s01195_B",0.115
"s01196_A",0.12
"s01196_B",0.115
"s01197_A",0.115
"s01197_B",0.115
"s01198_A",0.115
"s01198_B",0.12
"s01199_A",0.115
"s01199_B",0.115
"s01200_A",0.12
"s01200_B",0.115
"s01201_A",0.12
"s01201_B",0.115
"s01202_A",0.12
"s01202_B",0.115
"s01203_A",0.115
"s01203_B",0.125
"s01204_A",0.115
"s01204_B",0.115
"s01205_A",0.12
"s01205_B",0.115
"s01206_A",0.11
"s01206_B",0.115
"s01207_A",0.115
"s01207_B",0.12
"s01208_A",0.12
"s01208_B",0.12
"s01209_A",0.115
"s01209_B",0.115
"s01210_A",0.11
"s01210_B",0.115
"s01211_A",0.115
"s01211_B",0.12
"s01212_A",0.11
"s01212_B",0.115
"s01213_A",0.115
"s01213_B",0.12
"s01214_A",0.12
"s01214_B",0.12
"s01215_A",0.12
"s01215_B",0.12
"s01216_A",0.115
"s01216_B",0.115
"s01217_A",0.115
"s01217_B",0.115
"s01218_A",0.12
"s01218_B",0.115
"s01219_A",0.12
"s01219_B",0.115
"s01220_A",0.115
"s01220_B",0.12
"s01221_A",0.115
"s01221_B",0.12
"s01222_A",0.115
"s01222_B",0.12
"s01223_A",0.115
"s01223_B",0.115
"s01224_A",0.115
"s01224_B",0.115
"s01225_A",0.115
"s01225_B",0.115
"s01226_A",0.115
"s01226_B",0.115
"s01227_A",0.12
"s01227_B",0.115
"s01228_A",0.12
"s01228_B",0.12
"s01229_A",0.115
"s01229_B",0.115
"s01230_A",0.12
"s01230_B",0.12
"s01231_A",0.115
"s01231_B",0.115
"s01232_A",0.11
"s01232_B",0.115
"s01233_A",0.115
"s01233_B",0.115
"s01234_A",0.12
"s01234_B",0.115
"s01235_A",0.12
"s01235_B",0.12
"s01236_A",0.115
"s01236_B",0.11
"s01237_A",0.12
"s01237_B",0.12
"s01238_A",0.115
"s01238_B",0.11
"s01239_A",0.115
"s01239_B",0.12
"s01240_A",0.115
"s01240_B",0.115
"s01241_A",0.115
"s01241_B",0.115
"s01242_A",0.115
"s01242_B",0.115
"s01243_A",0.115
"s01243_B",0.12
"s01244_A",0.12
"s01244_B",0.12
"s01245_A",0.115
"s01245_B",0.115
"s01246_A",0.115
"s01246_B",0.115
"s01247_A",0.115
"s01247_B",0.115
"s01248_A",0.12
"s01248_B",0.12
"s01249_A",0.12
"s01249_B",0.12
"s01250_A",0.115
"s01250_B",0.115
"s01251_A",0.12
"s01251_B",0.125
"s01252_A",0.125
"s01252_B",0.125
"s01253_A",0.115
"s01253_B",0.115
"s01254_A",0.115
"s01254_B",0.115
"s01255_A",0.12
"s01255_B",0.115
"s01256_A",0.12
"s01256_B",0.115
"s01257_A",0.11
"s01257_B",0.11
"s01258_A",0.115
"s01258_B",0.115
"s01259_A",0.115
"s01259_B",0.12
"s01260_A",0.115
"s01260_B",0.12
"s01261_A",0.115
"s01261_B",0.12
"s01262_A",0.11
"s01262_B",0.115
"s01263_A",0.115
"s01263_B",0.115
"s01264_A",0.12
"s01264_B",0.12
"s01265_A",0.11
"s01265_B",0.11
"s01266_A",0.115
"s01266_B",0.115
"s01267_A",0.115
"s01267_B",0.115
"s01268_A",0.115
"s01268_B",0.12
"s01269_A",0.12
"s01269_B",0.115
"s01270_A",0.115
"s01270_B",0.11
"s01271_A",0.115
"s01271_B",0.115
"s01272_A",0.115
"s01272_B",0.11
"s01273_A",0.115
"s01273_B",0.115
"s01274_A",0.12
"s01274_B",0.12
"s01275_A",0.115
"s01275_B",0.115
"s01276_A",0.12
"s01276_B",0.12
"s01277_A",0.11
"s01277_B",0.115
"s01278_A",0.115
"s01278_B",0.12
"s01279_A",0.12
"s01279_B",0.12
"s01280_A",0.12
"s01280_B",0.12
"s01281_A",0.12
"s01281_B",0.125
"s01282_A",0.115
"s01282_B",0.11
"s01283_A",0.12
"s01283_B",0.115
"s01284_A",0.115
"s01284_B",0.115
"s01285_A",0.12
"s01285_B",0.115
"s01286_A",0.115
"s01286_B",0.115
"s01287_A",0.12
"s01287_B",0.115
"s01288_A",0.12
"s01288_B",0.115
"s01289_A",0.115
"s01289_B",0.115
"s01290_A",0.11
"s01290_B",0.115
"s01291_A",0.12
"s01291_B",0.12
"s01292_A",0.115
"s01292_B",0.115
"s01293_A",0.115
"s01293_B",0.115
"s01294_A",0.115
"s01294_B",0.115
"s01295_A",0.115
"s01295_B",0.12
"s01296_A",0.115
"s01296_B",0.11
"s01297_A",0.11
"s01297_B",0.115
"s01298_A",0.115
"s01298_B",0.12
"s01299_A",0.12
"s01299_B",0.125
"s01300_A",0.115
"s01300_B",0.11
"s01301_A",0.115
"s01301_B",0.12
"s01302_A",0.115
"s01302_B",0.115
"s01303_A",0.115
"s01303_B",0.11
"s01304_A",0.115
"s01304_B",0.115
"s01305_A",0.12
"s01305_B",0.115
"s01306_A",0.115
"s01306_B",0.115
"s01307_A",0.12
"s01307_B",0.115
"s01308_A",0.12
"s01308_B",0.115
"s01309_A",0.115
"s01309_B",0.115
"s01310_A",0.12
"s01310_B",0.12
"s01311_A",0.115
"s01311_B",0.115
"s01312_A",0.115
"s01312_B",0.11
"s01313_A",0.115
"s01313_B",0.115
"s01314_A",0.12
"s01314_B",0.12
"s01315_A",0.115
"s01315_B",0.115
"s01316_A",0.115
"s01316_B",0.115
"s01317_A",0.11
"s01317_B",0.11
"s01318_A",0.115
"s01318_B",0.115
"s01319_A",0.125
"s01319_B",0.115
"s01320_A",0.12
"s01320_B",0.12
"s01321_A",0.115
"s01321_B",0.11
"s01322_A",0.115
"s01322_B",0.12
"s01323_A",0.12
"s01323_B",0.115
"s01324_A",0.12
"s01324_B",0.12
"s01325_A",0.11
"s01325_B",0.115
"s01326_A",0.12
"s01326_B",0.115
"s01327_A",0.12
"s01327_B",0.115
"s01328_A",0.115
"s01328_B",0.115
"s01329_A",0.115
"s01329_B",0.115
"s01330_A",0.115
"s01330_B",0.115
"s01331_A",0.12
"s01331_B",0.125
"s01332_A",0.115
"s01332_B",0.12
"s01333_A",0.12
"s01333_B",0.12
"s01334_A",0.12
"s01334_B",0.12
"s01335_A",0.115
"s01335_B",0.115
"s01336_A",0.12
"s01336_B",0.12
"s01337_A",0.115
"s01337_B",0.115
"s01338_A",0.12
"s01338_B",0.12
"s01339_A",0.115
"s01339_B",0.115
"s01340_A",0.115
"s01340_B",0.115
"s01341_A",0.115
"s01341_B",0.115
"s01342_A",0.12
"s01342_B",0.12
"s01343_A",0.12
"s01343_B",0.12
"s01344_A",0.115
"s01344_B",0.12
"s01345_A",0.12
"s01345_B",0.115
"s01346_A",0.115
"s01346_B",0.115
"s01347_A",0.115
"s01347_B",0.115
"s01348_A",0.115
"s01348_B",0.115
"s01349_A",0.12
"s01349_B",0.12
"s01350_A",0.115
"s01350_B",0.115
"s01351_A",0.115
"s01351_B",0.115
"s01352_A",0.115
"s01352_B",0.115
"s01353_A",0.12
"s01353_B",0.115
"s01354_A",0.11
"s01354_B",0.115
"s01355_A",0.12
"s01355_B",0.12
"s01356_A",0.115
"s01356_B",0.12
"s01357_A",0.12
"s01357_B",0.12
"s01358_A",0.12
"s01358_B",0.12
"s01359_A",0.115
"s01359_B",0.115
"s01360_A",0.115
"s01360_B",0.115
"s01361_A",0.115
"s01361_B",0.115
"s01362_A",0.12
"s01362_B",0.12
"s01363_A",0.12
"s01363_B",0.12
"s01364_A",0.115
"s01364_B",0.115
"s01365_A",0.115
"s01365_B",0.115
"s01366_A",0.115
"s01366_B",0.12
"s01367_A",0.125
"s01367_B",0.12
"s01368_A",0.115
"s01368_B",0.12
"s01369_A",0.12
"s01369_B",0.115
"s01370_A",0.115
"s01370_B",0.12
"s01371_A",0.12
"s01371_B",0.12
"s01372_A",0.12
"s01372_B",0.115
"s01373_A",0.12
"s01373_B",0.12
"s01374_A",0.115
"s01374_B",0.115
"s01375_A",0.12
"s01375_B",0.12
"s01376_A",0.115
"s01376_B",0.115
"s01377_A",0.115
"s01377_B",0.11
"s01378_A",0.115
"s01378_B",0.115
"s01379_A",0.12
"s01379_B",0.12
"s01380_A",0.115
"s01380_B",0.12
"s01381_A",0.115
"s01381_B",0.11
"s01382_A",0.115
"s01382_B",0.12
"s01383_A",0.12
"s01383_B",0.115
"s01384_A",0.115
"s01384_B",0.115
"s01385_A",0.115
"s01385_B",0.115
"s01386_A",0.115
"s01386_B",0.115
"s01387_A",0.12
"s01387_B",0.12
"s01388_A",0.12
"s01388_B",0.12
"s01389_A",0.115
"s01389_B",0.12
"s01390_A",0.11
"s01390_B",0.11
"s01391_A",0.115
"s01391_B",0.115
"s01392_A",0.12
"s01392_B",0.12
"s01393_A",0.115
"s01393_B",0.12
"s01394_A",0.115
"s01394_B",0.115
"s01395_A",0.115
"s01395_B",0.115
"s01396_A",0.12
"s01396_B",0.115
"s01397_A",0.115
"s01397_B",0.115
"s01398_A",0.115
"s01398_B",0.115
"s01399_A",0.12
"s01399_B",0.125
"s01400_A",0.115
"s01400_B",0.11
"s01401_A",0.12
"s01401_B",0.12
"s01402_A",0.11
"s01402_B",0.115
"s01403_A",0.115
"s01403_B",0.12
"s01404_A",0.115
"s01404_B",0.115
"s01405_A",0.12
"s01405_B",0.115
"s01406_A",0.115
"s01406_B",0.12
"s01407_A",0.115
"s01407_B",0.12
"s01408_A",0.12
"s01408_B",0.12
"s01409_A",0.11
"s01409_B",0.11
"s01410_A",0.115
"s01410_B",0.115
"s01411_A",0.12
"s01411_B",0.12
"s01412_A",0.115
"s01412_B",0.115
"s01413_A",0.115
"s01413_B",0.115
"s01414_A",0.115
"s01414_B",0.115
"s01415_A",0.115
"s01415_B",0.115
"s01416_A",0.11
"s01416_B",0.115
"s01417_A",0.115
"s01417_B",0.115
"s01418_A",0.115
"s01418_B",0.115
"s01419_A",0.115
"s01419_B",0.115
"s01420_A",0.115
"s01420_B",0.12
"s01421_A",0.12
"s01421_B",0.115
"s01422_A",0.11
"s01422_B",0.115
"s01423_A",0.12
"s01423_B",0.12
"s01424_A",0.115
"s01424_B",0.115
"s01425_A",0.115
"s01425_B",0.115
"s01426_A",0.115
"s01426_B",0.12
"s01427_A",0.12
"s01427_B",0.115
"s01428_A",0.115
"s01428_B",0.115
"s01429_A",0.115
"s01429_B",0.115
"s01430_A",0.12
"s01430_B",0.12
"s01431_A",0.12
"s01431_B",0.115
"s01432_A",0.115
"s01432_B",0.115
"s01433_A",0.115
"s01433_B",0.12
"s01434_A",0.115
"s01434_B",0.115
"s01435_A",0.12
"s01435_B",0.12
"s01436_A",0.115
"s01436_B",0.115
"s01437_A",0.12
"s01437_B",0.12
"s01438_A",0.115
"s01438_B",0.115
"s01439_A",0.12
"s01439_B",0.12
"s01440_A",0.12
"s01440_B",0.12
"s01441_A",0.12
"s01441_B",0.12
"s01442_A",0.12
"s01442_B",0.12
"s01443_A",0.12
"s01443_B",0.12
"s01444_A",0.125
"s01444_B",0.12
"s01445_A",0.115
"s01445_B",0.115
"s01446_A",0.12
"s01446_B",0.12
"s01447_A",0.115
"s01447_B",0.12
"s01448_A",0.115
"s01448_B",0.115
"s01449_A",0.115
"s01449_B",0.115
"s01450_A",0.12
"s01450_B",0.12
"s01451_A",0.115
"s01451_B",0.115
"s01452_A",0.115
"s01452_B",0.12
"s01453_A",0.12
"s01453_B",0.12
"s01454_A",0.115
"s01454_B",0.115
"s01455_A",0.115
"s01455_B",0.12
"s01456_A",0.115
"s01456_B",0.12
"s01457_A",0.115
"s01457_B",0.115
"s01458_A",0.115
"s01458_B",0.12
"s01459_A",0.12
"s01459_B",0.12
"s01460_A",0.115
"s01460_B",0.115
"s01461_A",0.115
"s01461_B",0.115
"s01462_A",0.115
"s01462_B",0.115
"s01463_A",0.12
"s01463_B",0.12
"s01464_A",0.115
"s01464_B",0.115
"s01465_A",0.115
"s01465_B",0.115
"s01466_A",0.115
"s01466_B",0.115
"s01467_A",0.115
"s01467_B",0.115
"s01468_A",0.115
"s01468_B",0.115
"s01469_A",0.115
"s01469_B",0.115
"s01470_A",0.115
"s01470_B",0.115
"s01471_A",0.115
"s01471_B",0.115
"s01472_A",0.115
"s01472_B",0.115
"s01473_A",0.12
"s01473_B",0.12
"s01474_A",0.115
"s01474_B",0.115
"s01475_A",0.12
"s01475_B",0.115
"s01476_A",0.115
"s01476_B",0.12
"s01477_A",0.12
"s01477_B",0.12
"s01478_A",0.115
"s01478_B",0.115
"s01479_A",0.115
"s01479_B",0.12
"s01480_A",0.12
"s01480_B",0.12
"s01481_A",0.115
"s01481_B",0.115
"s01482_A",0.12
"s01482_B",0.12
"s01483_A",0.115
"s01483_B",0.12
"s01484_A",0.115
"s01484_B",0.115
"s01485_A",0.12
"s01485_B",0.12
"s01486_A",0.115
"s01486_B",0.115
"s01487_A",0.115
"s01487_B",0.115
"s01488_A",0.115
"s01488_B",0.12
"s01489_A",0.12
"s01489_B",0.125
"s01490_A",0.12
"s01490_B",0.115
"s01491_A",0.115
"s01491_B",0.115
"s01492_A",0.115
"s01492_B",0.12
"s01493_A",0.115
"s01493_B",0.12
"s01494_A",0.115
"s01494_B",0.12
"s01495_A",0.115
"s01495_B",0.12
"s01496_A",0.115
"s01496_B",0.115
"s01497_A",0.115
"s01497_B",0.115
"s01498_A",0.12
"s01498_B",0.12
"s01499_A",0.12
"s01499_B",0.115
"s01500_A",0.12
"s01500_B",0.12
"s01501_A",0.12
"s01501_B",0.12
"s01502_A",0.12
"s01502_B",0.12
"s01503_A",0.115
"s01503_B",0.115
"s01504_A",0.12
"s01504_B",0.12
"s01505_A",0.115
"s01505_B",0.115
"s01506_A",0.115
"s01506_B",0.115
"s01507_A",0.115
"s01507_B",0.115
"s01508_A",0.11
"s01508_B",0.11
"s01509_A",0.125
"s01509_B",0.125
"s01510_A",0.115
"s01510_B",0.115
"s01511_A",0.115
"s01511_B",0.115
"s01512_A",0.115
"s01512_B",0.12
"s01513_A",0.115
"s01513_B",0.115
"s01514_A",0.115
"s01514_B",0.115
"s01515_A",0.115
"s01515_B",0.115
"s01516_A",0.12
"s01516_B",0.12
"s01517_A",0.115
"s01517_B",0.115
"s01518_A",0.115
"s01518_B",0.115
"s01519_A",0.115
"s01519_B",0.115
"s01520_A",0.12
"s01520_B",0.12
"s01521_A",0.12
"s01521_B",0.12
"s01522_A",0.12
"s01522_B",0.115
"s01523_A",0.115
"s01523_B",0.115
"s01524_A",0.11
"s01524_B",0.115
"s01525_A",0.12
"s01525_B",0.12
"s01526_A",0.11
"s01526_B",0.115
"s01527_A",0.115
"s01527_B",0.12
"s01528_A",0.115
"s01528_B",0.11
"s01529_A",0.12
"s01529_B",0.12
"s01530_A",0.115
"s01530_B",0.12
"s01531_A",0.12
"s01531_B",0.12
"s01532_A",0.12
"s01532_B",0.12
"s01533_A",0.12
"s01533_B",0.12
"s01534_A",0.12
"s01534_B",0.12
"s01535_A",0.115
"s01535_B",0.12
"s01536_A",0.115
"s01536_B",0.115
"s01537_A",0.115
"s01537_B",0.115
"s01538_A",0.115
"s01538_B",0.115
"s01539_A",0.125
"s01539_B",0.125
"s01540_A",0.11
"s01540_B",0.11
"s01541_A",0.115
"s01541_B",0.115
"s01542_A",0.125
"s01542_B",0.125
"s01543_A",0.12
"s01543_B",0.12
"s01544_A",0.115
"s01544_B",0.115
"s01545_A",0.12
"s01545_B",0.12
"s01546_A",0.12
"s01546_B",0.115
"s01547_A",0.115
"s01547_B",0.115
"s01548_A",0.12
"s01548_B",0.12
"s01549_A",0.12
"s01549_B",0.12
"s01550_A",0.115
"s01550_B",0.115
"s01551_A",0.125
"s01551_B",0.12
"s01552_A",0.12
"s01552_B",0.12
"s01553_A",0.12
"s01553_B",0.12
"s01554_A",0.115
"s01554_B",0.11
"s01555_A",0.12
"s01555_B",0.115
"s01556_A",0.115
"s01556_B",0.115
"s01557_A",0.12
"s01557_B",0.12
"s01558_A",0.115
"s01558_B",0.115
"s01559_A",0.12
"s01559_B",0.12
"s01560_A",0.12
"s01560_B",0.12
"s01561_A",0.115
"s01561_B",0.12
"s01562_A",0.115
"s01562_B",0.115
"s01563_A",0.115
"s01563_B",0.115
"s01564_A",0.12
"s01564_B",0.12
"s01565_A",0.115
"s01565_B",0.115
"s01566_A",0.115
"s01566_B",0.115
"s01567_A",0.115
"s01567_B",0.115
"s01568_A",0.12
"s01568_B",0.115
"s01569_A",0.115
"s01569_B",0.115
"s01570_A",0.11
"s01570_B",0.115
"s01571_A",0.115
"s01571_B",0.115
"s01572_A",0.115
"s01572_B",0.115
"s01573_A",0.12
"s01573_B",0.12
"s01574_A",0.115
"s01574_B",0.115
"s01575_A",0.115
"s01575_B",0.115
"s01576_A",0.115
"s01576_B",0.115
"s01577_A",0.115
"s01577_B",0.115
"s01578_A",0.12
"s01578_B",0.12
"s01579_A",0.12
"s01579_B",0.115
"s01580_A",0.12
"s01580_B",0.115
"s01581_A",0.115
"s01581_B",0.115
"s01582_A",0.12
"s01582_B",0.115
"s01583_A",0.115
"s01583_B",0.115
"s01584_A",0.115
"s01584_B",0.115
"s01585_A",0.115
"s01585_B",0.115
"s01586_A",0.12
"s01586_B",0.12
"s01587_A",0.115
"s01587_B",0.115
"s01588_A",0.12
"s01588_B",0.12
"s01589_A",0.115
"s01589_B",0.115
"s01590_A",0.115
"s01590_B",0.12
"s01591_A",0.12
"s01591_B",0.125
"s01592_A",0.12
"s01592_B",0.125
"s01593_A",0.12
"s01593_B",0.12
"s01594_A",0.115
"s01594_B",0.115
"s01595_A",0.11
"s01595_B",0.11
"s01596_A",0.12
"s01596_B",0.115
"s01597_A",0.12
"s01597_B",0.115
"s01598_A",0.115
"s01598_B",0.115
"s01599_A",0.115
"s01599_B",0.115
"s01600_A",0.11
"s01600_B",0.11
"s01601_A",0.115
"s01601_B",0.115
"s01602_A",0.115
"s01602_B",0.115
"s01603_A",0.12
"s01603_B",0.12
"s01604_A",0.12
"s01604_B",0.12
"s01605_A",0.115
"s01605_B",0.115
"s01606_A",0.115
"s01606_B",0.115
"s01607_A",0.12
"s01607_B",0.12
"s01608_A",0.12
"s01608_B",0.12
"s01609_A",0.115
"s01609_B",0.115
"s01610_A",0.12
"s01610_B",0.12
"s01611_A",0.12
"s01611_B",0.12
"s01612_A",0.115
"s01612_B",0.115
"s01613_A",0.115
"s01613_B",0.115
"s01614_A",0.12
"s01614_B",0.12
"s01615_A",0.12
"s01615_B",0.12
"s01616_A",0.115
"s01616_B",0.115
"s01617_A",0.12
"s01617_B",0.12
"s01618_A",0.115
"s01618_B",0.115
"s01619_A",0.115
"s01619_B",0.115
"s01620_A",0.115
"s01620_B",0.115
"s01621_A",0.11
"s01621_B",0.11
"s01622_A",0.115
"s01622_B",0.115
"s01623_A",0.115
"s01623_B",0.115
"s01624_A",0.125
"s01624_B",0.125
"s01625_A",0.115
"s01625_B",0.115
"s01626_A",0.115
"s01626_B",0.115
"s01627_A",0.115
"s01627_B",0.115
"s01628_A",0.115
"s01628_B",0.115
"s01629_A",0.115
"s01629_B",0.115
"s01630_A",0.115
"s01630_B",0.115
"s01631_A",0.115
"s01631_B",0.115
"s01632_A",0.115
"s01632_B",0.115
"s01633_A",0.11
"s01633_B",0.11
"s01634_A",0.12
"s01634_B",0.12
"s01635_A",0.115
"s01635_B",0.115
"s01636_A",0.115
"s01636_B",0.115
"s01637_A",0.115
"s01637_B",0.115
"s01638_A",0.11
"s01638_B",0.11
"s01639_A",0.115
"s01639_B",0.115
"s01640_A",0.115
"s01640_B",0.115
"s01641_A",0.115
"s01641_B",0.115
"s01642_A",0.12
"s01642_B",0.12
"s01643_A",0.115
"s01643_B",0.115
"s01644_A",0.115
"s01644_B",0.115
"s01645_A",0.115
"s01645_B",0.115
"s01646_A",0.125
"s01646_B",0.125
"s01647_A",0.115
"s01647_B",0.115
"s01648_A",0.12
"s01648_B",0.12
"s01649_A",0.12
"s01649_B",0.12
"s01650_A",0.12
"s01650_B",0.12
"s01651_A",0.115
"s01651_B",0.115
"s01652_A",0.12
"s01652_B",0.12
"s01653_A",0.115
"s01653_B",0.115
"s01654_A",0.12
"s01654_B",0.12
"s01655_A",0.12
"s01655_B",0.12
"s01656_A",0.12
"s01656_B",0.12
"s01657_A",0.115
"s01657_B",0.115
"s01658_A",0.125
"s01658_B",0.125
"s01659_A",0.115
"s01659_B",0.115
"s01660_A",0.12
"s01660_B",0.12
"s01661_A",0.12
"s01661_B",0.12
"s01662_A",0.115
"s01662_B",0.115
"s01663_A",0.115
"s01663_B",0.115
"s01664_A",0.115
"s01664_B",0.115
"s01665_A",0.115
"s01665_B",0.115
"s01666_A",0.115
"s01666_B",0.115
"s01667_A",0.115
"s01667_B",0.115
"s01668_A",0.115
"s01668_B",0.115
"s01669_A",0.115
"s01669_B",0.115
"s01670_A",0.115
"s01670_B",0.115
"s01671_A",0.115
"s01671_B",0.115
"s01672_A",0.115
"s01672_B",0.115
"s01673_A",0.12
"s01673_B",0.12
"s01674_A",0.11
"s01674_B",0.11
"s01675_A",0.115
"s01675_B",0.115
"s01676_A",0.115
"s01676_B",0.115
"s01677_A",0.115
"s01677_B",0.115
"s01678_A",0.115
"s01678_B",0.115
"s01679_A",0.12
"s01679_B",0.12
"s01680_A",0.115
"s01680_B",0.115
"s01681_A",0.12
"s01681_B",0.12
"s01682_A",0.12
"s01682_B",0.12
"s01683_A",0.115
"s01683_B",0.115
"s01684_A",0.12
"s01684_B",0.12
"s01685_A",0.115
"s01685_B",0.115
"s01686_A",0.12
"s01686_B",0.12
"s01687_A",0.12
"s01687_B",0.12
"s01688_A",0.12
"s01688_B",0.12
"s01689_A",0.115
"s01689_B",0.115
"s01690_A",0.115
"s01690_B",0.115
"s01691_A",0.115
"s01691_B",0.115
"s01692_A",0.115
"s01692_B",0.115
"s01693_A",0.115
"s01693_B",0.115
"s01694_A",0.12
"s01694_B",0.12
"s01695_A",0.12
"s01695_B",0.12
"s01696_A",0.115
"s01696_B",0.115
"s01697_A",0.115
"s01697_B",0.115
"s01698_A",0.115
"s01698_B",0.115
"s01699_A",0.115
"s01699_B",0.115
"s01700_A",0.12
"s01700_B",0.12
